{
  "readiness": {
    "ew_sessions_last_30d": 0.011363636363636364,
    "ew_sessions_last_90d": 0.011363636363636364,
    "ew_days_since_last_session": 0.011363636363636364,
    "ew_avg_session_duration_30d": 0.011363636363636364,
    "ew_concern_flagged_last_30d": 0.011363636363636364,
    "ew_progress_noted_last_30d": 0.011363636363636364,
    "ew_emotional_state_improving": 0.011363636363636364,
    "ew_session_frequency_trend": 0.011363636363636364,
    "ew_referral_made_last_90d": 0.011363636363636364,
    "fe_total_home_visits": 0.011363636363636364,
    "fe_visits_last_90d": 0.011363636363636364,
    "fe_days_since_last_visit": 0.011363636363636364,
    "fe_latest_cooperation_level": 0.011363636363636364,
    "fe_cooperation_trend": 0.011363636363636364,
    "fe_safety_concerns_ever": 0.011363636363636364,
    "fe_safety_concerns_last_90d": 0.011363636363636364,
    "fe_family_members_present_avg": 0.011363636363636364,
    "fe_follow_up_needed_last_visit": 0.011363636363636364,
    "tp_active_plan_count": 0.011363636363636364,
    "tp_total_plan_count": 0.011363636363636364,
    "tp_plan_completion_rate": 0.011363636363636364,
    "tp_has_overdue_plan": 0.011363636363636364,
    "tp_days_since_last_case_conference": 0.011363636363636364,
    "tp_plan_category_count": 0.011363636363636364,
    "bs_total_incidents": 0.011363636363636364,
    "bs_incidents_last_30d": 0.011363636363636364,
    "bs_incidents_last_90d": 0.011363636363636364,
    "bs_high_severity_count": 0.011363636363636364,
    "bs_has_unresolved_incident": 0.011363636363636364,
    "ph_latest_health_score": 0.011363636363636364,
    "ph_latest_sleep_quality": 0.011363636363636364,
    "ph_latest_energy_level": 0.011363636363636364,
    "ph_latest_bmi": 0.011363636363636364,
    "ph_days_since_last_health_record": 0.011363636363636364,
    "ph_health_score_trend": 0.011363636363636364,
    "ph_had_psychological_checkup_90d": 0.011363636363636364,
    "ph_had_medical_checkup_90d": 0.011363636363636364,
    "ed_latest_attendance_rate": 0.011363636363636364,
    "ed_latest_progress_percent": 0.011363636363636364,
    "ed_attendance_trend": 0.011363636363636364,
    "ed_progress_trend": 0.011363636363636364,
    "ed_is_enrolled": 0.011363636363636364,
    "ar_has_colb_registered": 0.011363636363636364,
    "ar_has_colb_obtained": 0.011363636363636364,
    "ar_has_case_study": 0.011363636363636364,
    "ar_days_since_case_study": 0.011363636363636364,
    "ar_tenure_days": 0.011363636363636364,
    "ar_age_at_cutoff": 0.011363636363636364,
    "is_pwd": 0.011363636363636364,
    "has_special_needs": 0.011363636363636364,
    "sub_cat_orphaned": 0.011363636363636364,
    "sub_cat_trafficked": 0.011363636363636364,
    "sub_cat_child_labor": 0.011363636363636364,
    "sub_cat_physical_abuse": 0.011363636363636364,
    "sub_cat_sexual_abuse": 0.011363636363636364,
    "sub_cat_osaec": 0.011363636363636364,
    "sub_cat_cicl": 0.011363636363636364,
    "sub_cat_at_risk": 0.011363636363636364,
    "sub_cat_street_child": 0.011363636363636364,
    "sub_cat_child_with_hiv": 0.011363636363636364,
    "family_is_4ps": 0.011363636363636364,
    "family_solo_parent": 0.011363636363636364,
    "family_indigenous": 0.011363636363636364,
    "family_parent_pwd": 0.011363636363636364,
    "family_informal_settler": 0.011363636363636364,
    "sh_capacity": 0.011363636363636364,
    "sh_occupancy_rate": 0.011363636363636364,
    "sh_avg_health_score": 0.011363636363636364,
    "sh_process_recording_count": 0.011363636363636364,
    "sh_incident_count": 0.011363636363636364,
    "ed_education_level_Primary": 0.011363636363636364,
    "ed_education_level_Secondary": 0.011363636363636364,
    "ed_education_level_Vocational": 0.011363636363636364,
    "case_category_Foundling": 0.011363636363636364,
    "case_category_Neglected": 0.011363636363636364,
    "case_category_Surrendered": 0.011363636363636364,
    "referral_source_Court Order": 0.011363636363636364,
    "referral_source_Government Agency": 0.011363636363636364,
    "referral_source_Ngo": 0.011363636363636364,
    "referral_source_Police": 0.011363636363636364,
    "referral_source_Self-Referral": 0.011363636363636364,
    "initial_risk_level_High": 0.011363636363636364,
    "initial_risk_level_Low": 0.011363636363636364,
    "initial_risk_level_Medium": 0.011363636363636364,
    "sh_region_Mindanao": 0.011363636363636364,
    "sh_region_Visayas": 0.011363636363636364,
    "ix_concern_x_session_recency": 0.011363636363636364,
    "ix_cooperation_x_plan_completion": 0.011363636363636364
  },
  "pathway": {
    "ew_sessions_last_30d": 0.010638297872340425,
    "ew_sessions_last_90d": 0.010638297872340425,
    "ew_days_since_last_session": 0.010638297872340425,
    "ew_avg_session_duration_30d": 0.010638297872340425,
    "ew_concern_flagged_last_30d": 0.010638297872340425,
    "ew_progress_noted_last_30d": 0.010638297872340425,
    "ew_emotional_state_improving": 0.010638297872340425,
    "ew_session_frequency_trend": 0.010638297872340425,
    "ew_referral_made_last_90d": 0.010638297872340425,
    "fe_total_home_visits": 0.010638297872340425,
    "fe_visits_last_90d": 0.010638297872340425,
    "fe_days_since_last_visit": 0.010638297872340425,
    "fe_latest_cooperation_level": 0.010638297872340425,
    "fe_cooperation_trend": 0.010638297872340425,
    "fe_safety_concerns_ever": 0.010638297872340425,
    "fe_safety_concerns_last_90d": 0.010638297872340425,
    "fe_family_members_present_avg": 0.010638297872340425,
    "fe_follow_up_needed_last_visit": 0.010638297872340425,
    "tp_active_plan_count": 0.010638297872340425,
    "tp_total_plan_count": 0.010638297872340425,
    "tp_plan_completion_rate": 0.010638297872340425,
    "tp_has_overdue_plan": 0.010638297872340425,
    "tp_days_since_last_case_conference": 0.010638297872340425,
    "tp_plan_category_count": 0.010638297872340425,
    "tp_days_since_last_plan_update": 0.010638297872340425,
    "bs_total_incidents": 0.010638297872340425,
    "bs_incidents_last_30d": 0.010638297872340425,
    "bs_incidents_last_90d": 0.010638297872340425,
    "bs_high_severity_count": 0.010638297872340425,
    "bs_has_unresolved_incident": 0.010638297872340425,
    "ph_latest_health_score": 0.010638297872340425,
    "ph_latest_sleep_quality": 0.010638297872340425,
    "ph_latest_energy_level": 0.010638297872340425,
    "ph_latest_bmi": 0.010638297872340425,
    "ph_days_since_last_health_record": 0.010638297872340425,
    "ph_health_score_trend": 0.010638297872340425,
    "ph_had_psychological_checkup_90d": 0.010638297872340425,
    "ph_had_medical_checkup_90d": 0.010638297872340425,
    "ed_latest_attendance_rate": 0.010638297872340425,
    "ed_latest_progress_percent": 0.010638297872340425,
    "ed_attendance_trend": 0.010638297872340425,
    "ed_progress_trend": 0.010638297872340425,
    "ed_is_enrolled": 0.010638297872340425,
    "ar_has_colb_registered": 0.010638297872340425,
    "ar_has_colb_obtained": 0.010638297872340425,
    "ar_has_case_study": 0.010638297872340425,
    "ar_days_since_case_study": 0.010638297872340425,
    "ar_tenure_days": 0.010638297872340425,
    "ar_age_at_cutoff": 0.010638297872340425,
    "is_pwd": 0.010638297872340425,
    "has_special_needs": 0.010638297872340425,
    "sub_cat_orphaned": 0.010638297872340425,
    "sub_cat_trafficked": 0.010638297872340425,
    "sub_cat_child_labor": 0.010638297872340425,
    "sub_cat_physical_abuse": 0.010638297872340425,
    "sub_cat_sexual_abuse": 0.010638297872340425,
    "sub_cat_osaec": 0.010638297872340425,
    "sub_cat_cicl": 0.010638297872340425,
    "sub_cat_at_risk": 0.010638297872340425,
    "sub_cat_street_child": 0.010638297872340425,
    "sub_cat_child_with_hiv": 0.010638297872340425,
    "family_is_4ps": 0.010638297872340425,
    "family_solo_parent": 0.010638297872340425,
    "family_indigenous": 0.010638297872340425,
    "family_parent_pwd": 0.010638297872340425,
    "family_informal_settler": 0.010638297872340425,