{
  "logistic_regression": {
    "pseudo_r_squared": 0.9999976785612328,
    "aic": 134.0002558596618,
    "bic": 308.5466583208639,
    "n_observations": 100,
    "significant_features": -1
  },
  "ols_regression": {
    "r_squared": 0.8308069362774964,
    "adj_r_squared": 0.42349030138998756,
    "aic": 86.8550536839526,
    "bic": 254.00662023206755,
    "n_observations": 93,
    "significant_features": 4
  }
}