{
  "case_category": {
    "Abandoned": {
      "n": 104,
      "pct_pop": 20.51282051282051,
      "avg_prob": 0.007127476708292242,
      "flag_rate": 0.0,
      "fn_rate": 0.0,
      "disparity": -1.0
    },
    "Foundling": {
      "n": 108,
      "pct_pop": 21.301775147928996,
      "avg_prob": 0.02603619382140137,
      "flag_rate": 0.0,
      "fn_rate": 1.0,
      "disparity": 0.0
    },
    "Neglected": {
      "n": 101,
      "pct_pop": 19.92110453648915,
      "avg_prob": 0.008088596518673365,
      "flag_rate": 0.0,
      "fn_rate": 1.0,
      "disparity": 0.0
    },
    "Surrendered": {
      "n": 194,
      "pct_pop": 38.26429980276134,
      "avg_prob": 0.013084239585466794,
      "flag_rate": 0.0,
      "fn_rate": 1.0,
      "disparity": 0.0
    }
  },
  "referral_source": {
    "Community": {
      "n": 72,
      "pct_pop": 14.201183431952662,
      "avg_prob": 0.010529195652594171,
      "flag_rate": 0.0,
      "fn_rate": 1.0,
      "disparity": 0.0
    },
    "Court Order": {
      "n": 94,
      "pct_pop": 18.54043392504931,
      "avg_prob": 0.011248398001382977,
      "flag_rate": 0.0,
      "fn_rate": 1.0,
      "disparity": 0.0
    },
    "Government Agency": {
      "n": 120,
      "pct_pop": 23.668639053254438,
      "avg_prob": 0.017406063549443365,
      "flag_rate": 0.0,
      "fn_rate": 1.0,
      "disparity": 0.0
    },
    "NGO": {
      "n": 71,
      "pct_pop": 14.003944773175542,
      "avg_prob": 0.0053521126760563385,
      "flag_rate": 0.0,
      "fn_rate": 1.0,
      "disparity": 0.0
    },
    "Police": {
      "n": 87,
      "pct_pop": 17.159763313609467,
      "avg_prob": 0.02258736272876668,
      "flag_rate": 0.0,
      "fn_rate": 0.0,
      "disparity": -1.0
    },
    "Self-Referral": {
      "n": 63,
      "pct_pop": 12.42603550295858,
      "avg_prob": 0.010463135807740073,
      "flag_rate": 0.0,
      "fn_rate": 0.0,
      "disparity": -1.0
    }
  },
  "safehouse_id": {
    "1": {
      "n": 101,
      "pct_pop": 19.92110453648915,
      "avg_prob": 0.008220908046529932,
      "flag_rate": 0.0,
      "fn_rate": 1.0,
      "disparity": 0.0
    },
    "2": {
      "n": 60,
      "pct_pop": 11.834319526627219,
      "avg_prob": 0.010800157212314107,
      "flag_rate": 0.0,
      "fn_rate": 1.0,
      "disparity": 0.0
    },
    "3": {
      "n": 30,
      "pct_pop": 5.9171597633136095,
      "avg_prob": 0.0006666666666666666,
      "flag_rate": 0.0,
      "fn_rate": 0.0,
      "disparity": -1.0
    },
    "4": {
      "n": 75,
      "pct_pop": 14.792899408284024,
      "avg_prob": 0.009988854816538016,
      "flag_rate": 0.0,
      "fn_rate": 1.0,
      "disparity": 0.0
    },
    "5": {
      "n": 60,
      "pct_pop": 11.834319526627219,
      "avg_prob": 0.005475363937480325,
      "flag_rate": 0.0,
      "fn_rate": 0.0,
      "disparity": -1.0
    },
    "6": {
      "n": 60,
      "pct_pop": 11.834319526627219,
      "avg_prob": 0.02745277052024836,
      "flag_rate": 0.0,
      "fn_rate": 0.0,
      "disparity": -1.0
    },
    "7": {
      "n": 65,
      "pct_pop": 12.82051282051282,
      "avg_prob": 0.03273539519193345,
      "flag_rate": 0.0,
      "fn_rate": 1.0,
      "disparity": 0.0
    },
    "8": {
      "n": 41,
      "pct_pop": 8.086785009861932,
      "avg_prob": 0.009866245448609106,
      "flag_rate": 0.0,
      "fn_rate": 0.0,
      "disparity": -1.0
    },
    "9": {
      "n": 15,
      "pct_pop": 2.9585798816568047,
      "avg_prob": 0.010197810888614722,
      "flag_rate": 0.0,
      "fn_rate": 0.0,
      "disparity": -1.0
    }
  },
  "age_group": {
    "<12": {
      "n": 83,
      "pct_pop": 16.370808678500985,
      "avg_prob": 0.026745478871317473,
      "flag_rate": 0.0,
      "fn_rate": 0.0,
      "disparity": -1.0
    },
    "12-15": {
      "n": 122,
      "pct_pop": 24.06311637080868,
      "avg_prob": 0.01636424364446752,
      "flag_rate": 0.0,
      "fn_rate": 1.0,
      "disparity": 0.0
    },
    "15-18": {
      "n": 159,
      "pct_pop": 31.360946745562128,
      "avg_prob": 0.0098584258915566,
      "flag_rate": 0.0,
      "fn_rate": 1.0,
      "disparity": 0.0
    },
    "18+": {
      "n": 143,
      "pct_pop": 28.205128205128204,
      "avg_prob": 0.007864720633835125,
      "flag_rate": 0.0,
      "fn_rate": 1.0,
      "disparity": 0.0
    }
  },
  "is_pwd": {
    "0": {
      "n": 504,
      "pct_pop": 99.40828402366864,
      "avg_prob": 0.013591040675034948,
      "flag_rate": 0.0,
      "fn_rate": 1.0,
      "disparity": 0.0
    },
    "1": {
      "n": 3,
      "pct_pop": 0.591715976331361,
      "avg_prob": 0.019524246040898717,
      "flag_rate": 0.0,
      "fn_rate": 0.0,
      "disparity": -1.0
    }
  }
}