{
  "tenure_days": 0.06242295843563686,
  "days_since_last_case_conference": 0.061457700515905794,
  "bmi_latest": 0.04035062417653897,
  "latest_family_cooperation_level_Neutral": 0.03887700550689847,
  "days_since_last_visit": 0.03489181319557854,
  "latest_energy_level_score": 0.03454740087511505,
  "avg_session_duration_30d": 0.031002563193163635,
  "health_decline_x_attendance_decline": 0.029233627996553095,
  "health_score_trend": 0.028831875458335533,
  "latest_attendance_rate": 0.028352353128743422,
  "education_level_Primary": 0.026792309338044266,
  "latest_progress_percent": 0.02662602847603365,
  "sleep_quality_trend": 0.025694633143127782,
  "age_at_cutoff": 0.02558687282191986,
  "total_home_visits": 0.02519662729370615
}