{
  "selected_model": "reduced",
  "adj_r_squared": 0.8427292954046256,
  "r_squared": 0.9159415199576447,
  "f_pvalue": 2.637442292111935e-10,
  "n_features": 31,
  "n_obs": 59,
  "obs_per_feature": 2.185185185185185,
  "condition_number": 4.926735155988553e+16,
  "aic": 73.24149301677022,
  "bic": 131.41254144613038,
  "robust_se": false,
  "significance_level": 0.05,
  "logit_converged": true,
  "logit_pseudo_r2": 0.9999999484039983
}