{
  "stage1_model": "LogisticRegression",
  "stage1_cv_auc": 0.9082956246818915,
  "stage1_test_auc": 0.8882007822685789,
  "stage1_test_f1": 0.8229665071770335,
  "stage2_model": "GradientBoosting",
  "stage2_cv_r2": 0.3568513541868028,
  "stage2_test_r2": 0.44280294395618647,
  "stage2_test_mae_php": 51627.662028072504,
  "combined_correlation": 0.46859271134297564,
  "combined_mae_php": 33828.498346938475,
  "cutoff_date": "2025-07-18 23:56:00",
  "train_size": 649,
  "test_size": 163,
  "n_features": 111
}